<?xml version="1.0" encoding="utf-8"?>
<!--/1445537/1489886/2.50/6/4/Crystal or Oscillator/-->
<quadcept_library>
  <setting unit="mil" />
  <textstyle name="Default" height="47.244094488189" strokewidth="7.8740157480315" charwidth="47.244094488189" />
  <textstyle name="Dimension" height="19.6850393700787" strokewidth="0" charwidth="19.6850393700787" />
  <textstyle name="H127W0635TH00762" height="50" strokewidth="3" charwidth="25" />
  <textstyle name="H15W15TH02" height="59.0551181102362" strokewidth="7.8740157480315" charwidth="59.0551181102362" />
  <padstyle name="r100_85" surface="True" plated="False" isvia="False" nopaste="False" nomask="True" complex="False" holesize="0">
    <padshape layer="TOP" shape="rectangle" width="33.464566929133" height="39.370078740157" />
    <padshape layer="TOP_SOLDER_MASK" shape="rectangle" width="41.338582677165" height="47.244094488188" />
    <padshape layer="TOP_SOLDER_PASTE" shape="rectangle" width="33.464566929133" height="39.370078740157" />
  </padstyle>
  <padstyle name="r85_60" surface="True" plated="False" isvia="False" nopaste="False" nomask="True" complex="False" holesize="0">
    <padshape layer="TOP" shape="rectangle" width="23.622047244094" height="33.464566929133" />
    <padshape layer="TOP_SOLDER_MASK" shape="rectangle" width="31.496062992126" height="41.338582677165" />
    <padshape layer="TOP_SOLDER_PASTE" shape="rectangle" width="23.622047244094" height="33.464566929133" />
  </padstyle>
  <footprint name="DSC1121CE50500000" originx="0" originy="0" pickpointx="0" pickpointy="0">
    <pcbpin number="1" name="1" style="r100_85" originx="-41.338582677165" originy="-31.496062992126" rotation="90" />
    <pcbpin number="2" name="2" style="r85_60" originx="0" originy="-31.496062992126" rotation="0" />
    <pcbpin number="3" name="3" style="r100_85" originx="41.338582677165" originy="-31.496062992126" rotation="90" />
    <pcbpin number="4" name="4" style="r100_85" originx="41.338582677165" originy="31.496062992126" rotation="90" />
    <pcbpin number="5" name="5" style="r85_60" originx="0" originy="31.496062992126" rotation="0" />
    <pcbpin number="6" name="6" style="r100_85" originx="-41.338582677165" originy="31.496062992126" rotation="90" />
    <line layer="TOP_ASSEMBLY" originx="-62.992125984251" originy="-49.212598425196" endx="62.992125984251" endy="-49.212598425196" width="7.8740157480314" />
    <line layer="TOP_ASSEMBLY" originx="62.992125984251" originy="-49.212598425196" endx="62.992125984251" endy="49.212598425196" width="7.8740157480314" />
    <line layer="TOP_ASSEMBLY" originx="62.992125984251" originy="49.212598425196" endx="-62.992125984251" endy="49.212598425196" width="7.8740157480314" />
    <line layer="TOP_ASSEMBLY" originx="-62.992125984251" originy="49.212598425196" endx="-62.992125984251" endy="-49.212598425196" width="7.8740157480314" />
    <line layer="TOP_PLACE_BOUND" originx="-102.36220472441" originy="88.582677165353" endx="102.36220472441" endy="88.582677165353" width="3.9370078740157" />
    <line layer="TOP_PLACE_BOUND" originx="102.36220472441" originy="88.582677165353" endx="102.36220472441" endy="-88.582677165353" width="3.9370078740157" />
    <line layer="TOP_PLACE_BOUND" originx="102.36220472441" originy="-88.582677165353" endx="-102.36220472441" endy="-88.582677165353" width="3.9370078740157" />
    <line layer="TOP_PLACE_BOUND" originx="-102.36220472441" originy="-88.582677165353" endx="-102.36220472441" endy="88.582677165353" width="3.9370078740157" />
    <line layer="TOP_SILKSCREEN" originx="-47.244094488188" originy="-74.803149606298" endx="-47.244094488188" endy="-74.803149606298" width="7.8740157480314" />
    <arc layer="TOP_SILKSCREEN" originx="-47.244094488188" originy="-72.83464566929" startangle="-90.0" sweepangle="180.0" radius="1.9685039370078" width="7.8740157480314" />
    <line layer="TOP_SILKSCREEN" originx="-47.244094488188" originy="-70.866141732283" endx="-47.244094488188" endy="-70.866141732283" width="7.8740157480314" />
    <arc layer="TOP_SILKSCREEN" originx="-47.244094488188" originy="-72.83464566929" startangle="90.0" sweepangle="180.0" radius="1.9685039370078" width="7.8740157480314" />
    <line layer="TOP_SILKSCREEN" originx="-47.244094488188" originy="-74.803149606298" endx="-47.244094488188" endy="-74.803149606298" width="7.8740157480314" />
    <arc layer="TOP_SILKSCREEN" originx="-47.244094488188" originy="-72.83464566929" startangle="-90.0" sweepangle="180.0" radius="1.9685039370078" width="7.8740157480314" />
  </footprint>
  <symbol name="DSC1121CE5-050.0000" originx="0" originy="0">
    <line originx="200" originy="100" endx="900" endy="100" width="0" />
    <line originx="900" originy="-300" endx="900" endy="100" width="0" />
    <line originx="900" originy="-300" endx="200" endy="-300" width="0" />
    <line originx="200" originy="100" endx="200" endy="-300" width="0" />
    <sympin number="1" originx="200" originy="0" rotation="180" length="100" width="7.8740157480315" flipped="False">
      <text name="pinname" originx="230" originy="0" style="Default" rotation="0" justify="left" flipped="False" hidden="False" data="EN" />
      <text name="pindes" originx="140" originy="20" style="Default" rotation="0" justify="lowerright" flipped="False" hidden="False" data="1" />
    </sympin>
    <sympin number="2" originx="200" originy="-100" rotation="180" length="100" width="7.8740157480315" flipped="False">
      <text name="pinname" originx="230" originy="-100" style="Default" rotation="0" justify="left" flipped="False" hidden="False" data="NC_1" />
      <text name="pindes" originx="140" originy="-80" style="Default" rotation="0" justify="lowerright" flipped="False" hidden="False" data="2" />
    </sympin>
    <sympin number="3" originx="200" originy="-200" rotation="180" length="100" width="7.8740157480315" flipped="False">
      <text name="pinname" originx="230" originy="-200" style="Default" rotation="0" justify="left" flipped="False" hidden="False" data="GND" />
      <text name="pindes" originx="140" originy="-180" style="Default" rotation="0" justify="lowerright" flipped="False" hidden="False" data="3" />
    </sympin>
    <sympin number="4" originx="900" originy="-200" rotation="0" length="100" width="7.8740157480315" flipped="False">
      <text name="pinname" originx="870" originy="-200" style="Default" rotation="0" justify="right" flipped="False" hidden="False" data="OUT" />
      <text name="pindes" originx="960" originy="-180" style="Default" rotation="0" justify="lowerleft" flipped="False" hidden="False" data="4" />
    </sympin>
    <sympin number="5" originx="900" originy="-100" rotation="0" length="100" width="7.8740157480315" flipped="False">
      <text name="pinname" originx="870" originy="-100" style="Default" rotation="0" justify="right" flipped="False" hidden="False" data="NC_2" />
      <text name="pindes" originx="960" originy="-80" style="Default" rotation="0" justify="lowerleft" flipped="False" hidden="False" data="5" />
    </sympin>
    <sympin number="6" originx="900" originy="0" rotation="0" length="100" width="7.8740157480315" flipped="False">
      <text name="pinname" originx="870" originy="0" style="Default" rotation="0" justify="right" flipped="False" hidden="False" data="VDD" />
      <text name="pindes" originx="960" originy="20" style="Default" rotation="0" justify="lowerleft" flipped="False" hidden="False" data="6" />
    </sympin>
  </symbol>
  <component name="DSC1121CE5-050.0000" designatorprefix="Y" height="35.433070866141" footprint="DSC1121CE50500000">
    <comppin designator="1" sympin="1" pinswap="0" gateswap="0" gate="1" group="1" side="" type="Any" name="EN" />
    <comppin designator="2" sympin="2" pinswap="0" gateswap="0" gate="1" group="1" side="" type="Any" name="NC_1" />
    <comppin designator="3" sympin="3" pinswap="0" gateswap="0" gate="1" group="1" side="" type="Any" name="GND" />
    <comppin designator="4" sympin="4" pinswap="0" gateswap="0" gate="1" group="1" side="" type="Any" name="OUT" />
    <comppin designator="5" sympin="5" pinswap="0" gateswap="0" gate="1" group="1" side="" type="Any" name="NC_2" />
    <comppin designator="6" sympin="6" pinswap="0" gateswap="0" gate="1" group="1" side="" type="Any" name="VDD" />
    <attached_symbol gate="1" name="DSC1121CE5-050.0000" />
    <pinmap designator="1" footprintpin="1" />
    <pinmap designator="2" footprintpin="2" />
    <pinmap designator="3" footprintpin="3" />
    <pinmap designator="4" footprintpin="4" />
    <pinmap designator="5" footprintpin="5" />
    <pinmap designator="6" footprintpin="6" />
    <text name="Datasheet" originx="0" originy="0" style="Default" rotation="0" justify="" flipped="False" hidden="True" data="https://componentsearchengine.com/Datasheets/1/DSC1121CE5-050.0000.pdf" />
    <text name="Description" originx="0" originy="0" style="Default" rotation="0" justify="" flipped="False" hidden="True" data="Standard Clock Oscillators 3225 pkg -20-70C 10ppm 050.0000MHz" />
    <text name="Mouser Part Number" originx="0" originy="0" style="Default" rotation="0" justify="" flipped="False" hidden="True" data="998-1121CE5-050.0000" />
    <text name="Mouser Price/Stock" originx="0" originy="0" style="Default" rotation="0" justify="" flipped="False" hidden="True" data="https://www.mouser.com/Search/Refine.aspx?Keyword=998-1121CE5-050.0000" />
    <text name="Manufacturer_Name" originx="0" originy="0" style="Default" rotation="0" justify="" flipped="False" hidden="True" data="Microchip" />
    <text name="Manufacturer_Part_Number" originx="950" originy="200" style="Default" rotation="0" justify="left" flipped="False" hidden="False" data="DSC1121CE5-050.0000" />
  </component>
</quadcept_library>
